[
    { "id": "240996829", "name": "ランボルギーニ" },
    { "id": "279145303", "name": "マクラーレン" },
    { "id": "332769550", "name": "ぽちぽち" },
    { "id": "242164210", "name": "めーさん" },
    { "id": "271543368", "name": "荒地の魔女" },
    { "id": "354400136", "name": "ゆり妹" },
    { "id": "355039113", "name": "ライト兄" },
    { "id": "240639603", "name": "たいよう" },
    { "id": "275417510", "name": "武田信玄" },
    { "id": "241044871", "name": "まるたろ" },
    { "id": "278857385", "name": "さぶたろ" },
    { "id": "242128696", "name": "ヤッさん" },
    { "id": "278105671", "name": "イヨ・スカイ" },
    { "id": "333887928", "name": "ダンプ松本" },
    { "id": "242833746", "name": "たぬ吉" },
    { "id": "258626685", "name": "【もう一人の】たぬ吉" },
    { "id": "242276184", "name": "明鏡止水" },
    { "id": "243146718", "name": "かちょー" },
    { "id": "240374120", "name": "ラム" },
    { "id": "295011558", "name": "ラム2" },
    { "id": "243174953", "name": "信玄もち" },
    { "id": "240799895", "name": "モモンガ" },
    { "id": "241720718", "name": "ララランド" },
    { "id": "241787446", "name": "コンロ" },
    { "id": "242291629", "name": "ゆうりー" },
    { "id": "310160363", "name": "ここあ" }
]



