[
  {
    "id": "tasks_heiki_1",
    "name": "兵器工場争奪戦 時間帯投票",
    "start": "2025-01-20 09:00",
    "end": "2025-01-22 09:00",
    "progress": 0,
    "dependencies": "",
    "repeat": {
      "interval": 14,
      "end_date": "2099-12-31"
    }
  },
  {
    "id": "tasks_heiki_2",
    "name": "兵器工場争奪戦 エントリー",
    "start": "2025-01-22 09:00",
    "end": "2025-01-24 09:00",
    "progress": 0,
    "dependencies": "",
    "repeat": {
      "interval": 14,
      "end_date": "2099-12-31"
    }
  },
  {
    "id": "tasks_heiki_3",
    "name": "兵器工場争奪戦",
    "start": "2025-01-26 21:00",
    "end": "2025-01-26 21:30",
    "progress": 0,
    "dependencies": "",
    "repeat": {
      "interval": 14,
      "end_date": "2099-12-31"
    }
  }
]
