[
  {
    "id": "tasks_sikannkeikaku_1",
    "name": "士官計画",
    "start": "2025-02-05 09:00",
    "end": "2025-02-07 09:00",
    "progress": 0,
    "dependencies": "",
    "repeat": {
      "interval": 14,
      "end_date": "2099-12-31"
    }
  },
  {
    "id": "tasks_sikannkeikaku_1",
    "name": "士官計画",
    "start": "2025-02-09 09:00",
    "end": "2025-02-11 09:00",
    "progress": 0,
    "dependencies": "",
    "repeat": {
      "interval": 14,
      "end_date": "2099-12-31"
    }
  }
]
