[
  {
    "id": "station_1",
    "name": "建築ST lv1 【未取得】",
    "start": "",
    "end": "",
    "progress": 0,
    "dependencies": ""
  },
  {
    "id": "station_2",
    "name": "建築ST lv3(時短可)【要駐屯】",
    "start": "2025-02-22 09:56",
    "end": "2025-02-23 09:22",
    "progress": 0,
    "dependencies": ""
  },
  {
    "id": "station_3",
    "name": "技術ST lv1 (時短可)【要駐屯】",
    "start": "2025-02-16 07:15",
    "end": "2025-02-17 07:15",
    "progress": 0,
    "dependencies": ""
  },
  {
    "id": "station_4",
    "name": "技術ST lv3(時短可)【要駐屯】",
    "start": "2025-02-20 20:07",
    "end": "2025-02-21 20:07",
    "progress": 0,
    "dependencies": ""
  },
  {
    "id": "station_5",
    "name": "訓練ST lv2(時短可)【要駐屯】",
    "start": "2025-02-22 09:19",
    "end": "2025-02-23 09:19",
    "progress": 0,
    "dependencies": ""
  },
  {
    "id": "station_6",
    "name": "生産ST lv1",
    "start": "2025-02-20 19:10",
    "end": "2025-02-21 19:10",
    "progress": 0,
    "dependencies": ""
  },
  {
    "id": "station_7",
    "name": "採集ST lv1(時短可)",
    "start": "2025-02-20 19:51",
    "end": "2025-02-21 19:51",
    "progress": 0,
    "dependencies": ""
  },
  {
    "id": "station_8",
    "name": "遠征ST lv3(時短可)【要駐屯】",
    "start": "2025-02-22 09:22",
    "end": "2025-02-23 09:22",
    "progress": 0,
    "dependencies": ""
  },
  {
    "id": "station_9",
    "name": "武器ST lv2(時短可)",
    "start": "2025-02-20 20:06",
    "end": "2025-02-21 20:06",
    "progress": 0,
    "dependencies": ""
  },
  {
    "id": "station_10",
    "name": "武器ST lv4(時短可)【要駐屯】",
    "start": "2025-02-19 08:40",
    "end": "2025-02-20 08:40",
    "progress": 0,
    "dependencies": ""
  },
  {
    "id": "station_11",
    "name": "防御ST lv2",
    "start": "2025-02-20 00:43",
    "end": "2025-02-21 00:43",
    "progress": 0,
    "dependencies": ""
  },
  {
    "id": "station_12",
    "name": "防御ST lv4(時短可)【要駐屯】",
    "start": "2025-02-20 07:13",
    "end": "2025-02-21 07:13",
    "progress": 0,
    "dependencies": ""
  }
]
