[
  {
    "id": "station",
    "name": "防御ST lv2 (敗:EpD)",
    "start": "2025-01-20 23:28",
    "end": "2025-01-21 00:09",
    "progress": 0,
    "dependencies": ""
  },
  {
    "id": "station",
    "name": "採集ST lv1 (時短しました)",
    "start": "2025-01-21 00:48",
    "end": "2025-01-21 08:17",
    "progress": 0,
    "dependencies": ""
  },
  {
    "id": "station",
    "name": "武器ST lv2 (時短しました)",
    "start": "2025-01-21 00:35",
    "end": "2025-01-21 08:42",
    "progress": 0,
    "dependencies": ""
  },
  {
    "id": "station",
    "name": "遠征ST lv3 (時短しました)",
    "start": "2025-01-21 05:20",
    "end": "2025-01-21 09:35",
    "progress": 0,
    "dependencies": ""
  },
  {
    "id": "station",
    "name": "防御ST lv4 (時短しました)",
    "start": "2025-01-21 16:21",
    "end": "2025-01-21 17:01",
    "progress": 0,
    "dependencies": ""
  },
  {
    "id": "station",
    "name": "建築ST lv3 (防衛しました)",
    "start": "2025-01-21 04:49",
    "end": "2025-01-22 04:49",
    "progress": 0,
    "dependencies": ""
  },
  {
    "id": "station_4",
    "name": "技術ST lv3 (時短時にEpDから防衛しました)",
    "start": "2025-01-22 07:41",
    "end": "2025-01-22 12:39",
    "progress": 0,
    "dependencies": ""
  },
  {
    "id": "station_11",
    "name": "防御ST lv2 【取り返し(てもらっ)たぞー(AMS vs【WiB】タツマキ)】",
    "start": "2025-01-24 00:09",
    "end": "2025-01-24 01:47",
    "progress": 0,
    "dependencies": ""
  },
  {
    "id": "station_9",
    "name": "武器ST lv2 (時短しました)",
    "start": "2025-01-24 08:42",
    "end": "2025-01-24 09:52",
    "progress": 0,
    "dependencies": ""
  },
  {
    "id": "station_7",
    "name": "採集ST lv1 (時短しました)",
    "start": "2025-01-24 08:17",
    "end": "2025-01-24 10:00",
    "progress": 0,
    "dependencies": ""
  },
  {
    "id": "station_8",
    "name": "遠征ST lv3 (敗:AMS)",
    "start": "2025-01-24 09:35",
    "end": "2025-01-24 10:21",
    "progress": 0,
    "dependencies": ""
  },
  {
    "id": "station_6",
    "name": "生産ST lv1 【防衛】",
    "start": "2025-01-23 10:22",
    "end": "2025-01-24 10:22",
    "progress": 0,
    "dependencies": ""
  }
]
