[
  {
    "id": "station_1",
    "name": "建築ST lv1 【未取得】",
    "start": "",
    "end": "",
    "progress": 0,
    "dependencies": ""
  },
  {
    "id": "station_2",
    "name": "建築ST lv3 【防衛】",
    "start": "2025-01-25 04:49",
    "end": "2025-01-26 04:49",
    "progress": 0,
    "dependencies": ""
  },
  {
    "id": "station_3",
    "name": "技術ST lv1 【未取得】",
    "start": "",
    "end": "",
    "progress": 0,
    "dependencies": ""
  },
  {
    "id": "station_4",
    "name": "技術ST lv3 【防衛】(時短可)",
    "start": "2025-01-25 12:39",
    "end": "2025-01-26 12:39",
    "progress": 0,
    "dependencies": ""
  },
  {
    "id": "station_5",
    "name": "訓練ST lv2 【返却or防衛】",
    "start": "2025-01-25 21:09",
    "end": "2025-01-26 21:09",
    "progress": 0,
    "dependencies": ""
  },
  {
    "id": "station_6",
    "name": "生産ST lv1 【防衛】",
    "start": "2025-01-27 10:22",
    "end": "2025-01-28 10:22",
    "progress": 0,
    "dependencies": ""
  },
  {
    "id": "station_7",
    "name": "採集ST lv1 【防衛】(時短可)",
    "start": "2025-01-27 10:00",
    "end": "2025-01-28 10:00",
    "progress": 0,
    "dependencies": ""
  },
  {
    "id": "station_8",
    "name": "遠征ST lv3 【防衛】(時短可)【取り返そー】",
    "start": "2025-01-27 10:21",
    "end": "2025-01-28 10:21",
    "progress": 0,
    "dependencies": ""
  },
  {
    "id": "station_9",
    "name": "武器ST lv2 【防衛】(時短可)",
    "start": "2025-01-27 09:52",
    "end": "2025-01-28 09:42",
    "progress": 0,
    "dependencies": ""
  },
  {
    "id": "station_10",
    "name": "武器ST lv4 【未取得】",
    "start": "",
    "end": "",
    "progress": 0,
    "dependencies": ""
  },
  {
    "id": "station_11",
    "name": "防御ST lv2 【防衛】",
    "start": "2025-01-27 01:47",
    "end": "2025-01-28 01:47",
    "progress": 0,
    "dependencies": ""
  },
  {
    "id": "station_12",
    "name": "防御ST lv4 【防衛】(時短可)",
    "start": "2025-01-24 17:01",
    "end": "2025-01-25 17:01",
    "progress": 0,
    "dependencies": ""
  }
]
