[
  {
    "id": "station_1",
    "name": "建築ST lv1 【未取得】",
    "start": "",
    "end": "",
    "progress": 0,
    "dependencies": ""
  },
  {
    "id": "station_2",
    "name": "建築ST lv3【要駐屯】",
    "start": "2025-02-02 04:48",
    "end": "2025-02-03 04:48",
    "progress": 0,
    "dependencies": ""
  },
  {
    "id": "station_3",
    "name": "技術ST lv1 【未取得】",
    "start": "",
    "end": "",
    "progress": 0,
    "dependencies": ""
  },
  {
    "id": "station_4",
    "name": "技術ST lv3(時短可)【要駐屯】",
    "start": "2025-02-01 05:40",
    "end": "2025-02-02 05:40",
    "progress": 0,
    "dependencies": ""
  },
  {
    "id": "station_5",
    "name": "訓練ST lv2【要駐屯】",
    "start": "2025-02-02 21:09",
    "end": "2025-02-03 21:09",
    "progress": 0,
    "dependencies": ""
  },
  {
    "id": "station_6",
    "name": "生産ST lv1",
    "start": "2025-02-02 19:39",
    "end": "2025-02-03 19:39",
    "progress": 0,
    "dependencies": ""
  },
  {
    "id": "station_7",
    "name": "採集ST lv1(時短可)",
    "start": "2025-02-02 13:09",
    "end": "2025-02-03 13:09",
    "progress": 0,
    "dependencies": ""
  },
  {
    "id": "station_8",
    "name": "遠征ST lv3(時短可)【要駐屯】",
    "start": "2025-02-03 04:35",
    "end": "2025-02-04 04:35",
    "progress": 0,
    "dependencies": ""
  },
  {
    "id": "station_9",
    "name": "武器ST lv2(時短可)",
    "start": "2025-02-02 13:13",
    "end": "2025-02-03 13:13",
    "progress": 0,
    "dependencies": ""
  },
  {
    "id": "station_10",
    "name": "武器ST lv4 【未取得】",
    "start": "",
    "end": "",
    "progress": 0,
    "dependencies": ""
  },
  {
    "id": "station_11",
    "name": "防御ST lv2",
    "start": "2025-01-31 01:47",
    "end": "2025-02-01 01:47",
    "progress": 0,
    "dependencies": ""
  },
  {
    "id": "station_12",
    "name": "防御ST lv4(時短可)【要駐屯】",
    "start": "2025-02-01 05:46",
    "end": "2025-02-02 05:46",
    "progress": 0,
    "dependencies": ""
  }
]
