[
 {
    "id": "tasks_kisetu_events",
    "name": "【季節】イヤービースト",
    "start": "2025-01-22 09:00",
    "end": "2025-01-30 09:00",
    "progress": 0,
    "dependencies": ""
  },
 {
    "id": "tasks_kisetu_events",
    "name": "【季節】新春の錦鯉",
    "start": "2025-01-22 09:00",
    "end": "2025-01-29 09:00",
    "progress": 0,
    "dependencies": ""
  },
 {
    "id": "tasks_kisetu_events",
    "name": "【季節】謹賀領主",
    "start": "2025-01-22 09:00",
    "end": "2025-01-29 09:00",
    "progress": 0,
    "dependencies": ""
  },
 {
    "id": "tasks_kisetu_events",
    "name": "【季節】累計チャージギフト",
    "start": "2025-01-22 09:00",
    "end": "2025-01-29 09:00",
    "progress": 0,
    "dependencies": ""
  },
 {
    "id": "tasks_kisetu_events",
    "name": "【季節】珠玉の足跡",
    "start": "2025-01-22 09:00",
    "end": "2025-01-29 09:00",
    "progress": 0,
    "dependencies": ""
  }
]
