[
  {
    "id": "tasks_SvS_1",
    "name": "最強王国(マッチングフェーズ)",
    "start": "2025-01-25 09:00",
    "end": "2025-01-26 09:00",
    "progress": 0,
    "dependencies": ""
  },
  {
    "id": "tasks_SvS_2",
    "name": "最強王国 準備フェーズ1",
    "start": "2025-01-26 09:00",
    "end": "2025-01-27 09:00",
    "progress": 0,
    "dependencies": "tasks_SvS_1"
  },
  {
    "id": "tasks_SvS_3",
    "name": "強王国 準備フェーズ2",
    "start": "2025-01-27 21:00",
    "end": "2025-01-28 21:30",
    "progress": 0,
    "dependencies": "tasks_SvS_2"
  }
]
