[
    { "id": "238294543", "name": "にゃー", "action": "" },
    { "id": "239787425", "name": "親知らずもげ太郎", "action": "" },
    { "id": "240374120", "name": "ラム", "action": "" },
    { "id": "240639603", "name": "たいよう", "action": "" },
    { "id": "240671167", "name": "あやぶん", "action": "" },
    { "id": "240766171", "name": "しまじろー", "action": "" },
    { "id": "240799895", "name": "モモンガ(信玄もちサブ)", "action": "" },
    { "id": "240947334", "name": "マカダミアナッツ", "action": "" },
    { "id": "240996829", "name": "ランボルギーニ", "action": "" },
    { "id": "241044871", "name": "まるたろ", "action": "" },
    { "id": "241720718", "name": "ララランド", "action": "" },
    { "id": "241720718", "name": "ララランド", "action": "" },
    { "id": "241787446", "name": "コンロ", "action": "" },
    { "id": "241815155", "name": "Pちゃん", "action": "" },
    { "id": "242128696", "name": "ヤッさん", "action": "" },
    { "id": "242164210", "name": "めーさん", "action": "" },
    { "id": "242276184", "name": "明鏡止水", "action": "" },
    { "id": "242291629", "name": "ゆうりー", "action": "" },
    { "id": "242490348", "name": "メイゲツ", "action": "" },
    { "id": "242833746", "name": "たぬ吉", "action": "" },
    { "id": "243146718", "name": "かちょー", "action": "" },
    { "id": "243174953", "name": "信玄もち", "action": "" },
    { "id": "258626685", "name": "たぬ吉(たぬ吉サブ)", "action": "" },
    { "id": "271543368", "name": "荒地の魔女(めーさんサブ)", "action": "" },
    { "id": "275417510", "name": "武田信玄(たいようサブ)", "action": "" },
    { "id": "278105671", "name": "イヨ・スカイ(ヤッさんサブ)", "action": "" },
    { "id": "278857385", "name": "さぶたろ(まるたろサブ)", "action": "" },
    { "id": "279145303", "name": "マクラーレン(ランボサブ)", "action": "" },
    { "id": "290157648", "name": "Bちゃん(Pちゃんサブ)", "action": "" },
    { "id": "295011558", "name": "ラム2(ラムサブ)", "action": "" },
    { "id": "315198249", "name": "あばばば(しまじろーサブ)", "action": "" },
    { "id": "332769550", "name": "ぽちぽち", "action": "" },
    { "id": "333887928", "name": "ダンプ松本(ヤッさんサブ)", "action": "" },
    { "id": "354400136", "name": "ゆり妹", "action": "" },
    { "id": "355039113", "name": "ライト兄", "action": "" },
    { "id": "310160363", "name": "ここあ", "action": "🚫" }
]
