[
  {
    "id": "hihou",
    "name": "宝探し訓練",
    "start": "2025-01-29 09:00",
    "end": "2025-02-05 09:00",
    "progress": 0,
    "dependencies": "",
    "repeat": {
      "interval": 28,
      "end_date": "2099-12-31"
    }
  },
  {
    "id": "hihou",
    "name": "氷結の秘宝",
    "start": "2025-01-29 09:00",
    "end": "2025-02-05 09:00",
    "progress": 0,
    "dependencies": "",
    "repeat": {
      "interval": 28,
      "end_date": "2099-12-31"
    }
  },
  {
    "id": "hihou",
    "name": "秘宝商会",
    "start": "2025-01-29 09:00",
    "end": "2025-02-06 09:00",
    "progress": 0,
    "dependencies": "",
    "repeat": {
      "interval": 28,
      "end_date": "2099-12-31"
    }
  }
]
