[
  {
    "id": "tasks_sikannkeikaku_1",
    "name": "士官計画",
    "start": "2025-01-22 09:00",
    "end": "2025-01-24 09:00",
    "progress": 0,
    "dependencies": "",
    "repeat": {
      "interval": 4,
      "end_date": "2025-01-25"
    }
  },
  {
    "id": "tasks_sikannkeikaku_1",
    "name": "士官計画",
    "start": "2025-02-05 09:00",
    "end": "2025-02-07 09:00",
    "progress": 0,
    "dependencies": "",
    "repeat": {
      "interval": 28,
      "end_date": "2099-12-31"
    }
  },
  {
    "id": "tasks_sikannkeikaku_1",
    "name": "士官計画",
    "start": "2025-02-09 09:00",
    "end": "2025-02-11 09:00",
    "progress": 0,
    "dependencies": "",
    "repeat": {
      "interval": 28,
      "end_date": "2099-12-31"
    }
  },
  {
    "id": "tasks_sikannkeikaku_1",
    "name": "士官計画",
    "start": "2025-02-13 09:00",
    "end": "2025-02-15 09:00",
    "progress": 0,
    "dependencies": "",
    "repeat": {
      "interval": 28,
      "end_date": "2099-12-31"
    }
  },
  {
    "id": "tasks_sikannkeikaku_1",
    "name": "士官計画",
    "start": "2025-02-17 09:00",
    "end": "2025-02-19 09:00",
    "progress": 0,
    "dependencies": "",
    "repeat": {
      "interval": 28,
      "end_date": "2099-12-31"
    }
  },
  {
    "id": "tasks_sikannkeikaku_1",
    "name": "士官計画",
    "start": "2025-02-21 09:00",
    "end": "2025-02-23 09:00",
    "progress": 0,
    "dependencies": "",
    "repeat": {
      "interval": 28,
      "end_date": "2099-12-31"
    }
  },
  {
    "id": "tasks_sikannkeikaku_1",
    "name": "士官計画",
    "start": "2025-02-25 09:00",
    "end": "2025-02-27 09:00",
    "progress": 0,
    "dependencies": "",
    "repeat": {
      "interval": 28,
      "end_date": "2099-12-31"
    }
  }
]
