[
  {
    "id": "station_1",
    "name": "建築ST lv1 【未取得】",
    "start": "",
    "end": "",
    "progress": 0,
    "dependencies": ""
  },
  {
    "id": "station_2",
    "name": "建築ST lv3【要駐屯】",
    "start": "2025-02-12 20:55",
    "end": "2025-02-13 20:55",
    "progress": 0,
    "dependencies": ""
  },
  {
    "id": "station_3",
    "name": "技術ST lv1 (時短可)【要駐屯】",
    "start": "",
    "end": "",
    "progress": 0,
    "dependencies": ""
  },
  {
    "id": "station_4",
    "name": "技術ST lv3(時短可)【要駐屯】",
    "start": "2025-02-11 14:29",
    "end": "2025-02-12 14:29",
    "progress": 0,
    "dependencies": ""
  },
  {
    "id": "station_5",
    "name": "訓練ST lv2(時短可)【要駐屯】",
    "start": "2025-02-13 06:11",
    "end": "2025-02-14 06:11",
    "progress": 0,
    "dependencies": ""
  },
  {
    "id": "station_6",
    "name": "生産ST lv1",
    "start": "2025-02-12 22:59",
    "end": "2025-02-13 22:59",
    "progress": 0,
    "dependencies": ""
  },
  {
    "id": "station_7",
    "name": "採集ST lv1(時短可)",
    "start": "2025-02-11 15:22",
    "end": "2025-02-12 15:22",
    "progress": 0,
    "dependencies": ""
  },
  {
    "id": "station_8",
    "name": "遠征ST lv3(時短可)【要駐屯】",
    "start": "2025-02-13 06:25",
    "end": "2025-02-14 06:25",
    "progress": 0,
    "dependencies": ""
  },
  {
    "id": "station_9",
    "name": "武器ST lv2(時短可)",
    "start": "2025-02-11 15:28",
    "end": "2025-02-12 15:28",
    "progress": 0,
    "dependencies": ""
  },
  {
    "id": "station_10",
    "name": "武器ST lv4(時短可)【要駐屯】",
    "start": "",
    "end": "",
    "progress": 0,
    "dependencies": ""
  },
  {
    "id": "station_11",
    "name": "防御ST lv2",
    "start": "2025-02-11 15:28",
    "end": "2025-02-12 15:28",
    "progress": 0,
    "dependencies": ""
  },
  {
    "id": "station_12",
    "name": "防御ST lv4(時短可)【要駐屯】",
    "start": "2025-02-14 05:22",
    "end": "2025-02-15 05:22",
    "progress": 0,
    "dependencies": ""
  }
]
