[
    { "id": "240996829", "name": "ランボルギーニ", "action": "" },
    { "id": "279145303", "name": "マクラーレン", "action": "" },
    { "id": "332769550", "name": "ぽちぽち", "action": "" },
    { "id": "242164210", "name": "めーさん", "action": "" },
    { "id": "271543368", "name": "荒地の魔女", "action": "" },
    { "id": "354400136", "name": "ゆり妹", "action": "" },
    { "id": "355039113", "name": "ライト兄", "action": "" },
    { "id": "240639603", "name": "たいよう", "action": "" },
    { "id": "275417510", "name": "武田信玄", "action": "" },
    { "id": "241044871", "name": "まるたろ", "action": "" },
    { "id": "278857385", "name": "さぶたろ", "action": "" },
    { "id": "242128696", "name": "ヤッさん", "action": "" },
    { "id": "278105671", "name": "イヨ・スカイ", "action": "" },
    { "id": "333887928", "name": "ダンプ松本", "action": "" },
    { "id": "242833746", "name": "たぬ吉", "action": "" },
    { "id": "258626685", "name": "【もう一人の】たぬ吉", "action": "" },
    { "id": "242276184", "name": "明鏡止水", "action": "" },
    { "id": "243146718", "name": "かちょー", "action": "" },
    { "id": "240374120", "name": "ラム", "action": "" },
    { "id": "295011558", "name": "ラム2", "action": "" },
    { "id": "243174953", "name": "信玄もち", "action": "" },
    { "id": "240799895", "name": "モモンガ", "action": "" },
    { "id": "241720718", "name": "ララランド", "action": "" },
    { "id": "241787446", "name": "コンロ", "action": "" },
    { "id": "242291629", "name": "ゆうりー", "action": "" },
    { "id": "310160363", "name": "ここあ", "action": "🚫" }
]
